"date","close","volume","open","high"
"2015/10/15","221.31","2835920.0","216.43","221.73"
"2015/10/16","227.01","4327574.0","223.04","230.4805"
"2015/10/19","228.1","2506836.0","226.5","231.15"
"2015/10/20","213.03","14877020.0","227.72","228.6"
"2015/10/21","210.09","4177956.0","211.99","214.81"
"2015/10/22","211.72","2818801.0","211.56","215.75"
"2015/10/23","209.09","4226411.0","215.0","215.35"
"2015/10/26","215.26","3388227.0","211.38","215.88"
"2015/10/27","210.35","3512832.0","214.84","217.1"
"2015/10/28","212.96","2726880.0","211.31","213.45"
"2015/10/29","211.63","1794743.0","211.75","213.7481"
"2015/10/30","206.93","4432433.0","210.4","211.63"
"2015/11/02","213.79","3924514.0","208.92","215.8"
"2015/11/03","208.35","8065091.0","213.85","214.44"
"2015/11/04","231.63","12713530.0","227.0","232.74"
"2015/11/05","231.77","4494944.0","230.58","234.5843"
"2015/11/06","232.36","2444264.0","230.7","233.359"
"2015/11/09","225.33","3846179.0","232.99","232.99"
"2015/11/10","216.5","4612408.0","223.48","223.7"
"2015/11/11","219.08","3337501.0","217.77","219.48"
"2015/11/12","212.94","2913511.0","217.85","219.0"
"2015/11/13","207.19","3423139.0","212.95","212.99"
"2015/11/16","214.31","2920362.0","206.09","214.98"
"2015/11/17","214.0","2148326.0","215.2","216.0"
"2015/11/18","221.07","2810200.0","214.5","221.38"
"2015/11/19","221.8","2499593.0","220.54","226.19"
"2015/11/20","220.01","4394199.0","223.49","225.0"
"2015/11/23","217.75","2525196.0","217.35","219.18"
"2015/11/24","218.25","2478389.0","215.37","221.0"
"2015/11/25","229.64","3986945.0","221.34","230.825"
"2015/11/27","231.61","1949353.0","231.06","232.25"
"2015/11/30","230.26","2591205.0","231.79","234.28"
"2015/12/01","237.19","3728562.0","231.06","238.0"
"2015/12/02","231.99","2980644.0","237.0","238.6"
"2015/12/03","232.71","2937233.0","235.48","237.45"
"2015/12/04","230.38","2572014.0","232.46","233.27"
"2015/12/07","231.13","3140864.0","227.7","235.63"
"2015/12/08","226.72","2682259.0","227.52","228.8"
"2015/12/09","224.52","3057036.0","226.7","227.5"
"2015/12/10","227.07","2070088.0","224.71","228.49"
"2015/12/11","217.02","3259114.0","225.24","225.75"
"2015/12/14","218.58","2827797.0","217.51","220.92"
"2015/12/15","221.09","2241686.0","221.82","222.22"
"2015/12/16","234.51","5100443.0","222.1","234.88"
"2015/12/17","233.39","3294460.0","233.94","237.76"
"2015/12/18","230.46","3008057.0","232.89","235.9"
"2015/12/21","232.56","1951581.0","231.69","235.83"
"2015/12/22","229.95","1958836.0","234.99","236.55"
"2015/12/23","229.7","1551031.0","232.18","233.45"
"2015/12/24","230.57","710277.0","230.56","231.88"
"2015/12/28","228.95","1900171.0","231.49","231.98"
"2015/12/29","237.19","2402438.0","230.06","237.72"
"2015/12/30","238.09","3694448.0","236.6","243.634"
"2015/12/31","240.01","2713817.0","238.51","243.45"
"2016/01/04","223.41","6823510.0","230.72","231.38"
"2016/01/05","223.43","3185525.0","226.36","226.89"
"2016/01/06","219.04","3774353.0","220.0","220.05"
"2016/01/07","215.65","3550704.0","214.19","218.44"
"2016/01/08","211.0","3572360.0","217.86","220.44"
"2016/01/11","207.85","4090843.0","214.01","214.45"
"2016/01/12","209.97","3079051.0","211.6","213.7395"
"2016/01/13","200.31","4120993.0","212.01","212.65"
"2016/01/14","206.18","6490579.0","202.21","210.0"
"2016/01/15","204.99","5325773.0","198.97","205.07"
"2016/01/19","204.72","4031271.0","208.71","210.47"
"2016/01/20","198.7","5826110.0","199.4","201.28"
"2016/01/21","199.97","3164424.0","201.55","203.23"
"2016/01/22","202.55","3122066.0","204.801","205.5"
"2016/01/25","196.38","2695408.0","200.06","203.57"
"2016/01/26","193.56","4956918.0","196.7","197.82"
"2016/01/27","188.07","3577353.0","192.38","193.26"
"2016/01/28","189.7","4586328.0","190.79","191.28"
"2016/01/29","191.2","2848929.0","189.95","193.74"
"2016/02/01","196.94","5295685.0","188.76","199.52"
"2016/02/02","182.78","5764817.0","192.42","193.12"
"2016/02/03","173.48","7927640.0","183.59","183.94"
"2016/02/04","175.33","4379442.0","170.7","175.98"
"2016/02/05","162.6","9434495.0","171.3","173.0"
"2016/02/08","147.99","9306754.0","157.105","157.15"
"2016/02/09","148.25","8639661.0","142.32","159.79"
"2016/02/10","143.67","10104690.0","150.5","154.97"
"2016/02/11","150.47","14236900.0","152.0","163.26"
"2016/02/12","151.04","7233264.0","155.0","157.01"
"2016/02/16","155.17","5561638.0","158.7","162.95"
"2016/02/17","168.68","5820264.0","159.0","169.34"
"2016/02/18","166.77","3883107.0","172.42","172.95"
"2016/02/19","166.58","2955832.0","163.66","167.49"
"2016/02/22","177.74","5055340.0","170.12","178.91"
"2016/02/23","177.21","5982993.0","176.16","181.73"
"2016/02/24","179.0","5385369.0","172.75","179.5"
"2016/02/25","187.43","5727008.0","178.65","188.5192"
"2016/02/26","190.34","6054061.0","188.7","192.0"
"2016/02/29","191.93","4495402.0","192.4","196.35"
"2016/03/01","186.35","6695704.0","194.25","195.9484"
"2016/03/02","188.34","4858631.0","183.73","188.52"
"2016/03/03","195.74","4822993.0","188.28","197.42"
"2016/03/04","201.04","6479858.0","198.0","204.03"
"2016/03/07","205.29","5331097.0","197.68","209.7"
"2016/03/08","202.6","4175498.0","203.5","207.5"
"2016/03/09","208.72","3207597.0","204.52","209.3726"
"2016/03/10","205.18","5191602.0","210.0","213.29"
"2016/03/11","207.5","3339148.0","207.93","209.42"
"2016/03/14","215.15","4062304.0","212.65","216.72"
"2016/03/15","218.34","3133230.0","214.27","218.97"
"2016/03/16","221.93","3511873.0","218.0","222.58"
"2016/03/17","226.38","3769083.0","221.47","228.5"
"2016/03/18","232.74","4704761.0","229.1","234.48"
"2016/03/21","238.32","5289014.0","235.34","239.88"
"2016/03/22","234.24","4303052.0","237.21","238.99"
"2016/03/23","222.58","4936203.0","232.37","234.73"
"2016/03/24","227.75","4956604.0","215.78","228.8877"
"2016/03/28","230.26","3878599.0","231.61","234.81"
"2016/03/29","230.13","4006037.0","229.89","232.38"
"2016/03/30","226.89","4025670.0","235.09","235.5"
"2016/03/31","229.77","7975638.0","229.34","237.42"
"2016/04/01","237.59","15979910.0","244.825","247.9"
"2016/04/04","246.99","13381160.0","249.12","252.12"
"2016/04/05","255.47","9931470.0","240.5","256.56"
"2016/04/06","265.42","11695760.0","253.97","267.74"
"2016/04/07","257.2","8845567.0","266.45","269.34"
"2016/04/08","250.07","7352707.0","260.5","260.82"
"2016/04/11","249.92","9156404.0","251.0","258.99"
"2016/04/12","247.82","5755351.0","249.5","251.8"
"2016/04/13","254.53","4921554.0","248.51","255.5"
"2016/04/14","251.86","4129258.0","253.0","256.839"
"2016/04/15","254.51","3748593.0","251.31","254.6"
"2016/04/18","253.88","4263246.0","252.23","258.31"
"2016/04/19","247.37","6351360.0","253.12","254.3699"
"2016/04/20","249.97","5192343.0","246.26","253.66"
"2016/04/21","248.29","2777079.0","248.99","250.9"
"2016/04/22","253.75","3783126.0","248.89","254.0"
"2016/04/25","251.82","3665088.0","253.01","257.38"
"2016/04/26","253.74","3217779.0","252.05","255.73"
"2016/04/27","251.47","3198105.0","252.75","255.0"
"2016/04/28","247.71","2515595.0","249.85","253.43"
"2016/04/29","240.76","5405164.0","248.14","248.43"
"2016/05/02","241.8","3838958.0","241.5","243.19"
"2016/05/03","232.32","4296325.0","237.36","238.91"
"2016/05/04","222.56","8550004.0","230.29","234.46"
"2016/05/05","211.53","11248340.0","228.46","228.64"
"2016/05/06","214.93","5683675.0","210.87","216.37"
"2016/05/09","208.92","4772992.0","215.72","216.15"
"2016/05/10","208.69","4068053.0","207.55","209.47"
"2016/05/11","208.96","5159640.0","207.59","215.48"
"2016/05/12","207.28","3650075.0","211.44","211.67"
"2016/05/13","207.61","2820616.0","207.78","211.2"
"2016/05/16","208.29","2945754.0","208.15","213.15"
"2016/05/17","204.66","2842028.0","209.05","209.8199"
"2016/05/18","211.17","5552692.0","209.15","215.31"
"2016/05/19","215.21","6817922.0","213.62","216.79"
"2016/05/20","220.28","8996546.0","216.99","220.55"
"2016/05/23","216.22","5096751.0","219.87","222.6"
"2016/05/24","217.91","3009327.0","216.6","218.74"
"2016/05/25","219.58","3131279.0","217.91","221.36"
"2016/05/26","225.12","4066512.0","220.5","225.26"
"2016/05/27","223.04","3645792.0","224.99","225.93"
"2016/05/31","223.23","2786682.0","223.04","224.7497"
"2016/06/01","219.56","2982270.0","221.48","222.4"
"2016/06/02","218.96","2017279.0","219.59","219.909"
"2016/06/03","218.99","2226110.0","220.0","221.94"
"2016/06/06","220.68","2242634.0","218.0","220.9"
"2016/06/07","232.34","6194154.0","222.24","234.44"
"2016/06/08","235.52","5965110.0","233.8","240.845"
"2016/06/09","229.36","4454222.0","234.98","235.33"
"2016/06/10","218.79","5994548.0","227.39","227.97"
"2016/06/13","217.87","4187833.0","219.5","225.77"
"2016/06/14","214.96","3575822.0","218.88","222.2"
"2016/06/15","217.7","2905002.0","216.95","221.9"
"2016/06/16","217.93","2438692.0","217.42","218.04"
"2016/06/17","215.47","3107734.0","217.81","219.99"
"2016/06/20","219.7","3549768.0","219.5","223.75"
"2016/06/21","219.61","2855619.0","220.68","222.569"
"2016/06/22","196.66","23706100.0","199.47","205.95"
"2016/06/23","196.4","10098190.0","195.69","197.55"
"2016/06/24","193.15","6988949.0","190.05","195.12"
"2016/06/27","198.55","7211823.0","190.86","198.81"
"2016/06/28","201.79","6158996.0","201.89","204.05"
"2016/06/29","210.19","5987120.0","205.13","211.78"
"2016/06/30","212.28","4794440.0","212.97","213.4999"
"2016/07/01","216.5","5396030.0","206.14","218.24"
"2016/07/05","213.98","5169832.0","209.73","214.5441"
"2016/07/06","214.44","4910285.0","210.0","215.23"
"2016/07/07","215.94","3603385.0","213.1","218.12"
"2016/07/08","216.78","4067131.0","217.8","219.81"
"2016/07/11","224.78","5369066.0","219.96","226.78"
"2016/07/12","224.65","4573875.0","224.1","227.5"
"2016/07/13","222.53","3540699.0","225.5","225.59"
"2016/07/14","221.53","2657899.0","223.12","224.94"
"2016/07/15","220.4","2230821.0","222.52","222.7499"
"2016/07/18","226.25","3394588.0","219.64","227.09"
"2016/07/19","225.26","3047535.0","225.0","229.1"
"2016/07/20","228.36","2556119.0","226.47","229.8"
"2016/07/21","220.5","4425756.0","226.0","227.847"
"2016/07/22","222.27","2570462.0","221.99","224.5"
"2016/07/25","230.01","4479483.0","222.27","231.39"
"2016/07/26","229.51","3427251.0","227.69","230.0"
"2016/07/27","228.49","2887028.0","229.34","233.36"
"2016/07/28","230.61","2415462.0","227.95","230.76"
"2016/07/29","234.79","3061574.0","230.7","235.28"
"2016/08/01","230.01","4014048.0","235.5","236.63"
"2016/08/02","227.2","3928706.0","229.37","229.87"
"2016/08/03","225.79","3808747.0","227.37","229.699"
"2016/08/04","230.61","4142155.0","225.69","230.86"
"2016/08/05","230.03","3190342.0","230.0","232.0"
"2016/08/08","226.16","2259465.0","228.0","229.6"
"2016/08/09","229.08","2199766.0","226.82","231.5375"
"2016/08/10","225.65","2336496.0","228.24","229.87"
"2016/08/11","224.91","1876959.0","226.17","227.57"
"2016/08/12","225.61","1811850.0","225.41","226.65"
"2016/08/15","225.59","2017964.0","226.02","229.5"
"2016/08/16","223.61","2251115.0","225.49","227.19"
"2016/08/17","223.24","1786408.0","224.33","224.83"
"2016/08/18","223.51","1699300.0","223.82","225.66"
"2016/08/19","225.0","1658616.0","223.54","225.169"
"2016/08/22","222.93","2061692.0","224.17","225.11"
"2016/08/23","224.84","4747745.0","224.32","228.49"
"2016/08/24","222.62","2566947.0","227.05","227.15"
"2016/08/25","220.96","1760212.0","223.11","223.8"
"2016/08/26","219.99","2238087.0","222.14","222.855"
"2016/08/29","215.2","3261381.0","220.15","220.4"
"2016/08/30","211.34","3164222.0","216.11","216.11"
"2016/08/31","212.01","3274854.0","210.43","212.6"
"2016/09/01","200.77","7932444.0","209.01","211.0999"
"2016/09/02","197.78","5970154.0","202.33","203.2"
"2016/09/06","202.83","4386193.0","199.02","203.25"
"2016/09/07","201.71","3637918.0","205.5","206.4968"
"2016/09/08","197.36","3372293.0","199.55","199.89"
"2016/09/09","194.47","3753734.0","199.09","199.92"
"2016/09/12","198.3","3714049.0","195.0","201.369"
"2016/09/13","196.05","3583140.0","197.06","198.49"
"2016/09/14","196.41","2256143.0","195.75","197.9248"
"2016/09/15","200.42","3082942.0","196.49","202.5193"
"2016/09/16","205.4","3104266.0","200.42","205.7"
"2016/09/19","206.34","2298318.0","207.0","209.43"
"2016/09/20","204.64","2408556.0","206.85","207.75"
"2016/09/21","205.22","2631285.0","206.37","207.0"
"2016/09/22","206.43","2381600.0","206.4","207.28"
"2016/09/23","207.45","2904125.0","205.99","210.18"
"2016/09/26","208.99","2393373.0","206.5","211.0"
"2016/09/27","205.81","3367907.0","209.65","209.9818"
"2016/09/28","206.27","2079324.0","207.51","208.25"
"2016/09/29","200.7","2714040.0","205.6","207.33"
"2016/09/30","204.03","2581730.0","202.21","204.98"
"2016/10/03","213.7","5989342.0","212.3","215.6688"
"2016/10/04","211.41","3537953.0","213.1","213.32"
"2016/10/05","208.46","1872456.0","212.24","213.15"
"2016/10/06","201.0","4697937.0","202.46","204.2099"
"2016/10/07","196.61","3489480.0","201.0","201.32"
"2016/10/10","200.95","3311340.0","201.35","204.14"
"2016/10/11","200.1","2326754.0","201.85","202.2"
"2016/10/12","201.51","1969099.0","200.95","203.88"
"2016/10/13","200.24","2495140.0","200.5","200.895"
"2016/10/14","196.51","4265471.0","200.66","201.43"
"2016/10/17","193.96","4518331.0","197.05","198.39"
"2016/10/18","199.1","5676046.0","195.99","199.47"
"2016/10/19","203.56","6966185.0","199.74","206.66"
"2016/10/20","199.1","5069410.0","202.12","203.0"
"2016/10/21","200.09","2936908.0","198.6","201.57"
"2016/10/24","202.76","2747344.0","201.0","203.9452"
"2016/10/25","202.34","2442118.0","202.9","204.69"
"2016/10/26","202.24","5346893.0","201.0","203.19"
"2016/10/27","204.01","13070990.0","211.34","213.7"
"2016/10/28","199.97","4273456.0","204.0","205.32"
"2016/10/31","197.73","4691320.0","202.49","202.49"
"2016/11/01","190.79","7023674.0","198.04","198.5"
"2016/11/02","188.02","4242250.0","190.05","192.6951"
"2016/11/03","187.42","2644550.0","189.0","191.47"
"2016/11/04","190.56","5143915.0","189.0","193.46"
"2016/11/07","193.21","3857682.0","193.59","194.29"
"2016/11/08","194.94","3252927.0","193.79","197.49"
"2016/11/09","190.06","8166447.0","186.875","192.0"
"2016/11/10","185.35","6746290.0","191.05","191.61"
"2016/11/11","188.56","3987091.0","184.24","188.88"
"2016/11/14","181.45","6547913.0","188.0","188.25"
"2016/11/15","183.77","3899743.0","182.78","186.43"
"2016/11/16","183.93","3432668.0","182.65","184.73"
"2016/11/17","188.66","4880969.0","183.49","189.49"
"2016/11/18","185.02","5206473.0","190.65","193.0"
"2016/11/21","184.52","4355872.0","185.04","188.89"
"2016/11/22","191.17","5601238.0","185.84","191.47"
"2016/11/23","193.14","4890285.0","190.61","195.644"
"2016/11/25","196.65","2366098.0","193.64","197.2372"
"2016/11/28","196.12","4521082.0","195.48","199.35"
"2016/11/29","189.57","4435312.0","195.56","196.73"
"2016/11/30","189.4","3544891.0","191.0","191.89"
"2016/12/01","181.88","5119105.0","188.25","188.53"
"2016/12/02","181.47","4040201.0","182.88","184.88"
"2016/12/05","186.8","4069480.0","182.51","188.89"
"2016/12/06","185.85","3389365.0","185.52","186.58"
"2016/12/07","193.15","5457071.0","186.15","193.4"
"2016/12/08","192.29","3193684.0","192.05","192.5"
"2016/12/09","192.18","2720937.0","190.87","193.836"
"2016/12/12","192.43","2436428.0","192.8","194.42"
"2016/12/13","198.15","6819322.0","193.18","201.28"
"2016/12/14","198.69","4147314.0","198.74","203.0"
"2016/12/15","197.58","3218653.0","198.41","200.74"
"2016/12/16","202.49","3795444.0","198.08","202.59"
"2016/12/19","202.73","3486937.0","202.49","204.45"
"2016/12/20","208.79","4684269.0","203.05","209.0"
"2016/12/21","207.7","5206143.0","208.45","212.23"
"2016/12/22","208.45","3108427.0","208.22","209.99"
"2016/12/23","213.34","4668263.0","208.0","213.45"
"2016/12/27","219.53","5913335.0","214.88","222.25"
"2016/12/28","219.74","3778544.0","221.53","223.8"
"2016/12/29","214.68","4043086.0","218.56","219.2"
"2016/12/30","213.69","4641288.0","216.3","217.5"
"2017/01/03","216.99","5901494.0","214.86","220.33"
"2017/01/04","226.99","11204560.0","214.75","228.0"
"2017/01/05","226.75","5908927.0","226.42","227.48"
"2017/01/06","229.01","5524153.0","226.93","230.31"
"2017/01/09","231.28","3972716.0","228.97","231.92"
"2017/01/10","229.87","3658981.0","232.0","232.0"
"2017/01/11","229.73","3649910.0","229.07","229.98"
"2017/01/12","229.59","3787547.0","229.06","230.7"
"2017/01/13","237.75","6085610.0","230.0","237.85"
"2017/01/17","235.58","4614731.0","236.7","239.96"
"2017/01/18","238.36","3767272.0","236.65","239.71"
"2017/01/19","243.76","7717244.0","247.25","248.68"
"2017/01/20","244.73","4199720.0","245.46","246.0"
"2017/01/23","248.92","6262097.0","245.85","250.8899"
"2017/01/24","254.61","4958144.0","250.0","254.8"
"2017/01/25","254.47","5145301.0","257.31","258.46"
"2017/01/26","252.51","3143717.0","254.29","255.74"
"2017/01/27","252.95","3161774.0","251.38","253.0"
"2017/01/30","250.63","3798638.0","252.53","255.2899"
"2017/01/31","251.93","4112013.0","249.24","255.89"
"2017/02/01","249.24","3953105.0","253.05","253.2"
"2017/02/02","251.55","2498799.0","248.34","252.42"
"2017/02/03","251.33","2185230.0","251.91","252.179"
"2017/02/06","257.77","3557600.0","251.0","257.82"
"2017/02/07","257.48","4244063.0","258.19","260.0"
"2017/02/08","262.08","3912428.0","257.35","263.36"
"2017/02/09","269.2","7812600.0","266.25","271.18"
"2017/02/10","269.23","3618336.0","269.79","270.95"
"2017/02/13","280.6","7023072.0","270.74","280.7899"
"2017/02/14","280.98","7341450.0","279.03","287.39"
"2017/02/15","279.76","4943879.0","280.0","282.24"
"2017/02/16","268.95","7063860.0","277.6","280.0"
"2017/02/17","272.23","6251469.0","265.8","272.89"
"2017/02/21","277.39","5647575.0","275.45","281.4"
"2017/02/22","273.51","8537811.0","280.31","283.45"
"2017/02/23","255.99","14877090.0","264.0","264.66"
"2017/02/24","257.0","8166869.0","252.66","258.25"
"2017/02/27","246.23","11450160.0","248.17","248.36"
"2017/02/28","249.99","6073890.0","244.19","251.0"
"2017/03/01","250.02","4804963.0","254.18","254.85"
"2017/03/02","250.48","3345751.0","249.71","253.28"
"2017/03/03","251.57","2925481.0","250.74","251.9"
"2017/03/06","251.21","3353601.0","247.91","251.7"
"2017/03/07","248.59","3452587.0","251.92","253.89"
"2017/03/08","246.87","3726746.0","247.0","250.07"
"2017/03/09","244.9","3876494.0","247.63","248.66"
"2017/03/10","243.69","3062785.0","246.21","246.5"
"2017/03/13","246.17","3011280.0","244.82","246.85"
"2017/03/14","258.0","7581719.0","246.11","258.12"
"2017/03/15","255.73","5233365.0","257.0","261.0"
"2017/03/16","262.05","7127180.0","262.4","265.75"
"2017/03/17","261.5","6491018.0","264.0","265.33"
"2017/03/20","261.92","3601616.0","260.6","264.55"
"2017/03/21","250.68","6901555.0","262.83","264.8"
"2017/03/22","255.01","4056735.0","251.56","255.07"
"2017/03/23","254.78","3309844.0","255.39","257.672"
"2017/03/24","263.16","5637668.0","255.7","263.89"
"2017/03/27","270.22","6221361.0","260.6","270.57"
"2017/03/28","277.45","7978665.0","277.02","280.68"
"2017/03/29","277.38","3672526.0","278.34","279.6"
"2017/03/30","277.92","4141437.0","278.04","282.0"
"2017/03/31","278.3","3293698.0","278.73","279.68"
"2017/04/03","298.52","13864850.0","286.9","299.0"
"2017/04/04","303.7","10108230.0","296.89","304.81"
"2017/04/05","295.0","7858565.0","302.04","304.88"
"2017/04/06","298.7","5517731.0","296.88","301.94"
"2017/04/07","302.54","4566632.0","297.5","302.69"
"2017/04/10","312.39","7653623.0","309.15","313.7299"
"2017/04/11","308.71","5718053.0","313.38","313.47"
"2017/04/12","296.84","6043648.0","306.34","308.4481"
"2017/04/13","304.0","9275682.0","296.7","307.39"
"2017/04/17","301.44","4128067.0","302.7","304.0"
"2017/04/18","300.25","3034225.0","299.7","300.8399"
"2017/04/19","305.52","3891145.0","302.46","306.62"
"2017/04/20","302.51","6145961.0","306.51","309.15"
"2017/04/21","305.6","4501958.0","302.0","306.4"
"2017/04/24","308.03","5077771.0","309.22","310.55"
"2017/04/25","313.79","6734162.0","308.0","313.98"
"2017/04/26","310.17","4683131.0","312.37","314.5"
"2017/04/27","308.63","3462663.0","311.69","313.09"
"2017/04/28","314.07","4496659.0","309.83","314.8"
"2017/05/01","322.83","8819888.0","314.88","327.25"
"2017/05/02","318.89","5316551.0","324.0","327.6599"
"2017/05/03","311.02","6879259.0","317.67","321.53"
"2017/05/04","295.46","14135990.0","307.435","307.77"
"2017/05/05","308.35","8117449.0","298.0","308.55"
"2017/05/08","307.19","7002907.0","310.9","313.79"
"2017/05/09","321.26","9663374.0","309.38","321.99"
"2017/05/10","325.22","5734524.0","321.56","325.5"
"2017/05/11","323.1","4747172.0","323.4","326.0"
"2017/05/12","324.81","4118613.0","325.48","327.0"
"2017/05/15","315.88","7606854.0","318.38","320.2"
"2017/05/16","317.01","4141066.0","317.59","320.06"
"2017/05/17","306.11","6695657.0","314.39","314.63"
"2017/05/18","313.06","5609153.0","307.0","313.94"
"2017/05/19","310.83","4654580.0","315.5","316.5"
"2017/05/22","310.35","4324305.0","312.8","314.37"
"2017/05/23","303.86","4314267.0","310.46","310.73"
"2017/05/24","310.22","5035192.0","306.51","311.0"
"2017/05/25","316.83","5000432.0","311.02","316.97"
"2017/05/26","325.14","7793009.0","317.28","325.49"
"2017/05/30","335.1","7771536.0","326.0","336.28"
"2017/05/31","341.01","9937556.0","337.69","342.89"
"2017/06/01","340.37","7601764.0","344.0","344.88"
"2017/06/02","339.85","5583952.0","339.77","342.88"
"2017/06/05","347.32","6769174.0","338.5","348.44"
"2017/06/06","352.85","11031920.0","344.7","359.4929"
"2017/06/07","359.65","9348692.0","356.34","360.5"
"2017/06/08","370.0","9028677.0","363.75","371.9"
"2017/06/09","357.32","17250060.0","374.42","376.87"
"2017/06/12","359.01","10507860.0","357.99","364.5"
"2017/06/13","375.95","11773370.0","367.62","376.0"
"2017/06/14","380.66","12778480.0","381.085","384.25"
"2017/06/15","375.34","10412650.0","372.5","375.46"
"2017/06/16","371.4","6347450.0","377.975","378.01"
"2017/06/19","369.8","6433434.0","375.0","376.7"
"2017/06/20","372.24","7419110.0","376.67","378.88"
"2017/06/21","376.4","4916770.0","374.35","376.99"
"2017/06/22","382.61","7510406.0","377.99","385.0"
"2017/06/23","383.45","6425180.0","382.45","386.99"
"2017/06/26","377.49","6596854.0","386.69","386.95"
"2017/06/27","362.37","6977494.0","376.4","376.4"
"2017/06/28","371.24","6290323.0","366.68","371.74"
"2017/06/29","360.75","8202463.0","370.61","371.0"
"2017/06/30","361.61","5823046.0","363.71","366.7674"
"2017/07/03","352.62","6305401.0","370.24","371.35"
"2017/07/05","327.09","16998300.0","347.2","347.24"
"2017/07/06","308.83","19258040.0","317.26","320.7899"
"2017/07/07","313.22","14129950.0","313.5","317.0"
"2017/07/10","316.05","13760290.0","312.9","317.94"
"2017/07/11","327.22","11526760.0","316.0","327.28"
"2017/07/12","329.52","10317240.0","330.4","333.1"
"2017/07/13","323.41","8582315.0","330.11","331.6"
"2017/07/14","327.78","5607924.0","323.19","328.42"
"2017/07/17","319.57","9827506.0","325.54","327.1"
"2017/07/18","328.24","6360710.0","317.5","329.13"
"2017/07/19","325.26","6345884.0","328.23","331.65"
"2017/07/20","329.92","5142516.0","326.9","330.22"
"2017/07/21","328.4","4871708.0","329.46","331.2575"
"2017/07/24","342.52","8598292.0","330.24","343.399"
"2017/07/25","339.6","6977932.0","345.0","345.6"
"2017/07/26","343.85","4809514.0","340.36","345.5"
"2017/07/27","334.46","8285879.0","346.0","347.5"
"2017/07/28","335.07","4869891.0","336.89","339.6"
"2017/07/31","323.47","8525454.0","335.5","341.49"
"2017/08/01","319.57","8284997.0","323.0","324.45"
"2017/08/02","325.89","11942350.0","318.94","327.12"
"2017/08/03","347.09","13524270.0","345.33","350.0"
"2017/08/04","356.91","9233295.0","347.0","357.27"
"2017/08/07","355.17","6309331.0","357.35","359.48"
"2017/08/08","365.22","7431838.0","357.53","368.58"
"2017/08/09","363.53","6881182.0","361.0","370.0"
"2017/08/10","355.4","7063054.0","361.6","366.6504"
"2017/08/11","357.87","4357562.0","356.97","361.26"
"2017/08/14","363.8","4507969.0","364.63","367.66"
"2017/08/15","362.33","3084601.0","365.2","365.49"
"2017/08/16","362.91","3406173.0","363.0","366.5"
"2017/08/17","351.92","5010825.0","361.21","363.3"
"2017/08/18","347.46","5390805.0","352.91","354.0"
"2017/08/21","337.86","6489850.0","345.82","345.82"
"2017/08/22","341.35","4314268.0","341.13","342.24"
"2017/08/23","352.77","4941947.0","338.99","353.49"
"2017/08/24","352.93","4571574.0","352.52","356.66"
"2017/08/25","348.05","3475186.0","354.24","355.69"
"2017/08/28","345.66","3746240.0","347.28","347.35"
"2017/08/29","347.36","4069303.0","339.48","349.05"
"2017/08/30","353.18","3404165.0","349.67","353.47"
"2017/08/31","355.9","4063330.0","353.55","358.44"
"2017/09/01","355.4","3048550.0","356.12","357.59"
"2017/09/05","349.59","3836402.0","353.8","355.49"
"2017/09/06","344.53","4082001.0","349.5","350.979"
"2017/09/07","350.61","4235045.0","345.98","352.48"
"2017/09/08","343.4","3261333.0","348.99","349.78"
"2017/09/11","363.69","7651000.0","351.35","363.71"
"2017/09/12","362.75","5966204.0","364.49","368.76"
"2017/09/13","366.23","4171185.0","363.82","368.07"
"2017/09/14","377.64","7170263.0","364.33","377.96"
"2017/09/15","379.81","5407227.0","374.51","380.0"
"2017/09/18","385.0","7177773.0","380.25","389.61"
"2017/09/19","375.1","6435208.0","380.0","382.39"
"2017/09/20","373.91","4909958.0","373.0","378.249"
"2017/09/21","366.48","4610872.0","374.9","376.83"
"2017/09/22","351.09","8142895.0","366.49","369.8999"
"2017/09/25","344.99","7587158.0","353.15","357.469"
"2017/09/26","345.25","7149649.0","350.93","351.24"
"2017/09/27","340.97","6027375.0","349.9","351.489"
"2017/09/28","339.6","5309779.0","339.88","342.75"
"2017/09/29","341.1","5099051.0","341.86","344.68"
"2017/10/02","341.53","5227547.0","342.52","343.7"
"2017/10/03","348.14","10122550.0","335.9","348.55"
"2017/10/04","355.01","8147995.0","351.25","358.62"
"2017/10/05","355.33","4167913.0","356.0","357.435"
"2017/10/06","356.88","4272866.0","353.1","360.0992"
"2017/10/09","342.94","7461461.0","349.65","351.75"
"2017/10/10","355.59","6972263.0","346.8","355.63"
"2017/10/11","354.6","4494733.0","353.89","357.6"
"2017/10/12","355.68","4073552.0","352.95","359.78"
"2017/10/13","355.57","3538807.0","356.98","358.49"
"2017/10/16","350.6","5373090.0","353.76","354.48"
"2017/10/17","355.75","3290290.0","350.91","356.22"
"2017/10/18","359.65","4936024.0","355.97","363.0"
"2017/10/19","351.81","5055715.0","355.56","357.1465"
"2017/10/20","345.1","4925657.0","352.69","354.55"
"2017/10/23","337.02","5739598.0","349.88","349.95"
"2017/10/24","337.34","4485692.0","338.8","342.8"
"2017/10/25","325.84","8583619.0","336.7","337.5"
"2017/10/26","326.17","5010087.0","327.78","330.23"
"2017/10/27","320.87","6968365.0","319.75","324.59"
"2017/10/30","320.08","4247619.0","319.18","323.78"
"2017/10/31","331.53","5650062.0","320.23","331.95"
"2017/11/01","321.08","8242487.0","332.25","332.6089"
"2017/11/02","299.26","19771280.0","300.13","308.69"
"2017/11/03","306.09","8885933.0","299.5","306.25"
"2017/11/06","302.78","6480689.0","307.0","307.5"
"2017/11/07","306.05","5284844.0","301.02","306.5"
"2017/11/08","304.39","4725355.0","305.5","306.89"
"2017/11/09","302.99","5440173.0","302.5","304.46"
"2017/11/10","302.99","4621080.0","302.5","308.36"
"2017/11/13","315.4","7565242.0","300.13","316.8"
"2017/11/14","308.7","5661904.0","315.0","316.35"
"2017/11/15","311.3","5951835.0","306.01","312.49"
"2017/11/16","312.5","5794409.0","313.99","318.14"
"2017/11/17","315.05","13720830.0","325.67","326.67"
"2017/11/20","308.74","8241821.0","313.79","315.5"
"2017/11/21","317.81","7256381.0","310.86","318.23"
"2017/11/22","312.6","4913283.0","316.77","317.42"
"2017/11/24","315.55","3244065.0","313.79","316.41"
"2017/11/27","316.81","4537779.0","313.25","317.34"
"2017/11/28","317.55","4941703.0","316.36","320.0"
"2017/11/29","307.54","8757463.0","317.3","318.0"
"2017/11/30","308.85","4345434.0","308.56","310.7"
"2017/12/01","306.53","4286082.0","305.44","310.32"
"2017/12/04","305.2","5834227.0","306.5","308.265"
"2017/12/05","303.7","4643708.0","302.0","308.0"
"2017/12/06","313.26","7184477.0","300.1","313.39"
"2017/12/07","311.24","4779590.0","312.0","318.6341"
"2017/12/08","315.13","3466088.0","314.6","316.98"
"2017/12/11","328.91","7926090.0","314.63","329.01"
"2017/12/12","341.03","8715570.0","330.45","341.44"
"2017/12/13","339.03","6217701.0","340.93","344.22"
"2017/12/14","337.89","5792024.0","341.01","347.44"
"2017/12/15","343.45","6921246.0","342.04","343.9"
"2017/12/18","338.87","5466546.0","344.9","346.73"
"2017/12/19","331.1","6820868.0","340.26","341.4925"
"2017/12/20","328.98","5907378.0","332.69","333.1"
"2017/12/21","331.66","4369994.0","329.59","333.74"
"2017/12/22","325.2","4207602.0","329.51","330.9214"
"2017/12/26","317.29","4368699.0","323.83","323.94"
"2017/12/27","311.64","4705084.0","316.0","317.68"
"2017/12/28","315.36","4306746.0","311.75","315.82"
"2017/12/29","311.35","3769504.0","316.18","316.41"
"2018/01/02","320.53","4345615.0","312.0","322.1099"
"2018/01/03","317.25","4438520.0","321.0","325.25"
"2018/01/04","314.62","9944593.0","312.87","318.55"
"2018/01/05","316.58","4588728.0","316.62","317.24"
"2018/01/08","336.41","9832610.0","316.0","337.0199"
"2018/01/09","333.69","7134525.0","335.16","338.8"
"2018/01/10","334.8","4303053.0","332.2","337.0"
"2018/01/11","337.95","6640863.0","335.24","344.8099"
"2018/01/12","336.22","4822509.0","338.63","340.41"
"2018/01/16","340.06","6429234.0","337.54","345.0"
"2018/01/17","347.16","7092554.0","340.47","349.0"
"2018/01/18","344.57","5679629.0","345.67","352.3"
"2018/01/19","350.02","4871181.0","345.0","350.5899"
"2018/01/22","351.56","6199777.0","349.4","357.83"
"2018/01/23","352.79","5447622.0","360.0","360.5"
"2018/01/24","345.89","5277386.0","354.58","354.75"
"2018/01/25","337.64","6725208.0","348.27","349.2"
"2018/01/26","342.85","4535457.0","341.5","344.0"
"2018/01/29","349.53","4738208.0","339.85","350.85"
"2018/01/30","345.82","4710684.0","345.14","348.27"
"2018/01/31","354.31","6199373.0","347.51","356.19"
"2018/02/01","349.25","4187440.0","351.0","359.66"
"2018/02/02","343.75","3696157.0","348.44","351.95"
"2018/02/05","333.13","4441166.0","337.97","344.47"
"2018/02/06","333.97","5080032.0","325.21","336.22"
"2018/02/07","345.0","6729682.0","338.99","346.0"
"2018/02/08","315.23","10296420.0","343.31","348.62"
"2018/02/09","310.42","12924430.0","319.93","320.9845"
"2018/02/12","315.73","6224479.0","316.13","318.08"
"2018/02/13","323.66","4554631.0","315.02","324.19"
"2018/02/14","322.31","3948077.0","320.84","326.17"
"2018/02/15","334.065","5909823.0","324.5","334.12"
"2018/02/16","335.49","5640184.0","332.5","343.12"
"2018/02/20","334.77","4005962.0","334.47","340.84"
"2018/02/21","333.3","3207250.0","336.03","339.6929"
"2018/02/22","346.17","6961880.0","335.53","347.44"
"2018/02/23","352.05","5814177.0","347.83","354.99"
"2018/02/26","357.42","4334500.0","353.5","359.0"
"2018/02/27","350.99","4785022.0","356.25","359.99"
"2018/02/28","343.06","6066044.0","352.57","355.24"
"2018/03/01","330.93","6872552.0","345.01","348.67"
"2018/03/02","335.12","5088789.0","326.98","335.22"
"2018/03/05","333.35","3820702.0","332.39","337.75"
"2018/03/06","328.2","4236483.0","333.75","336.37"
"2018/03/07","332.3","5001940.0","325.44","332.5"
"2018/03/08","329.1","3514367.0","332.86","333.3"
"2018/03/09","327.17","5502779.0","324.1","328.49"
"2018/03/12","345.51","8252919.0","328.61","347.21"
"2018/03/13","341.84","5960636.0","344.92","345.12"
"2018/03/14","326.63","7952152.0","336.76","339.81"
"2018/03/15","325.6","6554568.0","329.38","332.85"
"2018/03/16","321.35","6113365.0","325.96","327.4"
"2018/03/19","313.56","7467890.0","316.5","320.75"
"2018/03/20","310.55","4761031.0","314.87","316.25"
"2018/03/21","316.53","5954247.0","310.25","322.44"
"2018/03/22","309.1","4924928.0","313.89","318.82"
"2018/03/23","301.54","6639960.0","311.25","311.61"
"2018/03/26","304.18","8364937.0","307.34","307.59"
"2018/03/27","279.18","13787060.0","304.0","304.27"
"2018/03/28","257.78","20962280.0","264.58","268.68"
"2018/03/29","266.13","15014440.0","256.49","270.9599"
"2018/04/02","252.48","16093290.0","256.26","260.3318"
"2018/04/03","267.53","18829650.0","269.82","273.35"
"2018/04/04","286.94","19880180.0","252.78","288.37"
"2018/04/05","305.72","19025860.0","289.34","306.26"
"2018/04/06","299.3","13516530.0","301.0","309.28"
"2018/04/09","289.66","10241410.0","300.37","309.5"
"2018/04/10","304.7","11017010.0","298.97","307.1"
"2018/04/11","300.93","7470204.0","300.74","308.98"
"2018/04/12","294.08","7595525.0","302.32","303.95"
"2018/04/13","300.34","7319225.0","303.6","303.9499"
"2018/04/16","291.21","6289497.0","299.0","299.66"
"2018/04/17","287.69","6931152.0","288.87","292.17"
"2018/04/18","293.35","6531563.0","291.08","300.24"
"2018/04/19","300.08","6083800.0","291.08","301.01"
"2018/04/20","290.24","5622630.0","295.17","299.98"
"2018/04/23","283.37","4880743.0","291.29","291.62"
"2018/04/24","283.46","5678242.0","285.0","287.09"
"2018/04/25","280.69","4000421.0","283.5","285.16"
"2018/04/26","285.48","4348108.0","278.75","285.79"
"2018/04/27","294.075","4346854.0","285.37","294.47"
"2018/04/30","293.9","4224068.0","293.61","298.73"
"2018/05/01","299.92","4614946.0","293.51","300.82"
"2018/05/02","301.15","8346176.0","298.57","306.85"
"2018/05/03","284.45","17339090.0","278.79","288.04"
"2018/05/04","294.09","8565506.0","283.0","296.86"
"2018/05/07","302.77","8673090.0","297.5","305.9588"
"2018/05/08","301.97","5927447.0","300.795","307.75"
"2018/05/09","306.85","5712255.0","300.41","307.01"
"2018/05/10","305.02","5642771.0","307.4997","312.99"
"2018/05/11","301.06","4665321.0","307.7","308.88"
"2018/05/14","291.97","7265501.0","303.32","304.94"
"2018/05/15","284.18","9509753.0","285.01","286.96"
"2018/05/16","286.48","5669644.0","283.83","288.81"
"2018/05/17","284.54","4418258.0","285.9","289.1873"
"2018/05/18","276.82","7243699.0","284.65","284.65"
"2018/05/21","284.49","9167844.0","281.33","291.49"
"2018/05/22","275.01","8938501.0","287.762","288.0"
"2018/05/23","279.07","5972237.0","277.76","279.9099"
"2018/05/24","277.85","4170789.0","278.4","281.11"
"2018/05/25","278.85","3872621.0","277.625","279.64"
"2018/05/29","283.76","5657153.0","278.51","286.5"
"2018/05/30","291.72","7473590.0","283.29","295.005"
"2018/05/31","284.73","5912825.0","287.21","290.37"
"2018/06/01","291.82","5417984.0","285.86","291.95"
"2018/06/04","296.74","4793787.0","294.34","299.0"
"2018/06/05","291.13","5877873.0","297.7","297.8"
"2018/06/06","319.5","18742400.0","300.5","322.17"
"2018/06/07","316.09","14336110.0","316.15","330.0"
"2018/06/08","317.66","8192175.0","319.0","324.48"
"2018/06/11","332.1","13166050.0","322.51","334.66"
"2018/06/12","342.77","22256430.0","344.7","354.97"
"2018/06/13","344.78","9401467.0","346.706","347.2"
"2018/06/14","357.72","10961150.0","347.63","358.75"
"2018/06/15","358.17","10827560.0","353.84","364.67"
"2018/06/18","370.83","12025450.0","355.4","373.73"
"2018/06/19","352.55","12734840.0","365.16","370.0"
"2018/06/20","362.22","8370268.0","358.04","364.38"
"2018/06/21","347.51","7949846.0","362.0","366.2139"
"2018/06/22","333.63","10253770.0","351.54","352.25"
"2018/06/25","333.01","6925089.0","330.12","338.47"
"2018/06/26","342.0","7434749.0","336.054","343.55"
"2018/06/27","344.5","8313817.0","345.0","350.79"
"2018/06/28","349.93","8388172.0","348.66","357.02"
"2018/06/29","342.95","6475903.0","353.33","353.86"
"2018/07/02","335.07","18732710.0","360.07","364.78"
"2018/07/03","310.86","12282640.0","331.75","332.49"
"2018/07/05","309.16","17457570.0","313.76","314.39"
"2018/07/06","308.9","8860198.0","304.955","312.07"
"2018/07/09","318.51","7579541.0","311.99","318.52"
"2018/07/10","322.47","9437557.0","324.56","327.6771"
"2018/07/11","318.96","4878595.0","315.8","321.94"
"2018/07/12","316.71","5711851.0","321.43","323.23"
"2018/07/13","318.87","5866776.0","315.58","319.5849"
"2018/07/16","310.1","7800454.0","311.71","315.16"
"2018/07/17","322.69","6987782.0","308.81","324.74"
"2018/07/18","323.85","5610085.0","325.0","325.5"
"2018/07/19","320.23","5907116.0","316.33","323.54"
"2018/07/20","313.58","5159831.0","321.23","323.24"
"2018/07/23","303.2","10974820.0","301.84","305.5"
"2018/07/24","297.43","9586186.0","304.4209","307.7171"
"2018/07/25","308.74","7031382.0","296.74","309.62"
"2018/07/26","306.65","4619567.0","304.85","310.7"
"2018/07/27","297.18","5694690.0","307.25","307.6933"
"2018/07/30","290.17","6799581.0","295.9","296.1"
"2018/07/31","298.14","5055094.0","292.25","298.32"
"2018/08/01","300.84","8768099.0","297.99","303.0"
"2018/08/02","349.54","23159160.0","328.44","349.99"
"2018/08/03","348.17","13646640.0","347.81","355.0"
"2018/08/06","341.99","8536766.0","345.46","354.98"
"2018/08/07","379.57","30596400.0","343.84","387.46"
"2018/08/08","370.34","24535420.0","369.09","382.64"
"2018/08/09","352.45","16951800.0","365.55","367.01"
"2018/08/10","355.49","11530510.0","354.0","360.0"
"2018/08/13","356.41","10444920.0","361.13","363.19"
"2018/08/14","347.64","6948511.0","358.45","359.1995"
"2018/08/15","338.69","9073033.0","341.906","344.49"
"2018/08/16","335.45","6045392.0","339.91","342.28"
"2018/08/17","305.5","18895880.0","323.5","326.77"
"2018/08/20","308.44","17380430.0","291.704","308.5"
"2018/08/21","321.9","13147770.0","310.61","324.79"
"2018/08/22","321.64","5935853.0","320.87","323.88"
"2018/08/23","320.1","5138685.0","319.14","327.32"
"2018/08/24","322.82","3592734.0","320.7","323.85"
"2018/08/27","319.27","13062650.0","318.0","322.435"
"2018/08/28","311.86","7639453.0","318.41","318.88"
"2018/08/29","305.01","7410538.0","310.27","311.85"
"2018/08/30","303.15","7210625.0","302.26","304.6"
"2018/08/31","301.66","5367048.0","302.0","305.3082"
"2018/09/04","288.95","8304571.0","296.94","298.19"
"2018/09/05","280.74","7707342.0","285.05","286.78"
"2018/09/06","280.95","7472756.0","284.8","291.17"
"2018/09/07","263.24","22442310.0","260.1","268.35"
"2018/09/10","285.5","14232250.0","273.26","286.03"
"2018/09/11","279.44","9161061.0","279.47","282.0"
"2018/09/12","290.54","10002150.0","281.44","292.5"
"2018/09/13","289.46","6333281.0","288.02","295.0"
"2018/09/14","295.2","6757652.0","288.76","297.3256"
"2018/09/17","294.84","6866208.0","290.04","300.87"
"2018/09/18","284.96","16494280.0","296.69","302.64"
"2018/09/19","299.02","8264353.0","280.51","300.0"
"2018/09/20","298.33","7332477.0","303.56","305.98"
"2018/09/21","299.1","5038497.0","297.7","300.58"
"2018/09/24","299.68","4834384.0","298.48","302.9993"
"2018/09/25","300.99","4472287.0","300.0","304.6"
"2018/09/26","309.58","7835863.0","301.91","313.89"
"2018/09/27","307.52","7337760.0","312.9","314.96"
"2018/09/28","264.77","33597290.0","270.26","278.0"
"2018/10/01","310.7","21714210.0","305.77","311.44"
"2018/10/02","301.02","11699690.0","313.95","316.84"
"2018/10/03","294.8","7982272.0","303.33","304.6"
"2018/10/04","281.83","9638885.0","293.95","294.0"
"2018/10/05","261.95","17900710.0","274.65","274.88"
"2018/10/08","250.56","13371180.0","264.52","267.7599"
"2018/10/09","262.8","12037780.0","255.25","266.77"
"2018/10/10","256.88","12781560.0","264.61","265.51"
"2018/10/11","252.23","8128184.0","257.53","262.25"
"2018/10/12","258.78","7189257.0","261.0","261.99"
"2018/10/15","259.59","6189026.0","259.06","263.28"
